epoch,loss,acc
1,0.6580039128180473,0.7883064516129032
2,0.6426924390177573,0.7903225806451613
3,0.5171892892929816,0.8346774193548387
4,0.5120492885189671,0.8356854838709677
5,0.5625441934793226,0.8074596774193549
6,0.4257037966482101,0.8629032258064516
7,0.45843954865009556,0.8336693548387096
8,0.5438938068766748,0.8195564516129032
9,0.4937201887369156,0.8457661290322581
10,0.41281727292845327,0.8639112903225806
11,0.4346163767960764,0.8508064516129032
12,0.44446455999728174,0.8659274193548387
13,0.3895889006314739,0.8699596774193549
14,0.42517613259054,0.8508064516129032
15,0.43541994258280725,0.8387096774193549
16,0.4096082710931378,0.8598790322580645
17,0.4387071233603262,0.8518145161290323
18,0.3940465385394712,0.8719758064516129
19,0.3252574493808131,0.8941532258064516
20,0.3214615424794535,0.8850806451612904
21,0.3346390567960278,0.873991935483871
22,0.39340718475080305,0.8689516129032258
23,0.3536309902706454,0.873991935483871
24,0.33702115954891326,0.8820564516129032
25,0.2880816873042814,0.905241935483871
26,0.33814654979974995,0.8820564516129032
27,0.32488098452168124,0.8860887096774194
28,0.33818009087154943,0.8870967741935484
29,0.30516333950142704,0.90625
30,0.32640980376351264,0.8870967741935484
31,0.3127550831244838,0.8991935483870968
32,0.23593039738555108,0.9102822580645161
33,0.27209569898343855,0.9032258064516129
34,0.314987154256913,0.8931451612903226
35,0.27117485264616625,0.9092741935483871
36,0.2993981180892837,0.8981854838709677
37,0.30987788352274126,0.8951612903225806
38,0.22764991656426461,0.9153225806451613
39,0.24761394519479044,0.9112903225806451
40,0.3623835893888627,0.8830645161290323
41,0.2709593418384752,0.9092741935483871
42,0.3314110470875617,0.8901209677419355
43,0.254976658571151,0.9173387096774194
44,0.2925203262317565,0.9082661290322581
45,0.3132772498553799,0.8921370967741935
46,0.2562758641377572,0.9183467741935484
47,0.2373930482614425,0.9223790322580645
48,0.2644969554197404,0.9163306451612904
49,0.2380687108924312,0.9183467741935484
50,0.18993426114320755,0.9455645161290323
